fecha,producto,dia_semana,mes,ventas
2024-01-01,Pan francés,0,1,39
2024-01-01,Pan dulce,0,1,24
2024-01-01,Galletas,0,1,14
2024-01-01,Pastel,0,1,10
2024-01-02,Pan francés,1,1,39
2024-01-02,Pan dulce,1,1,21
2024-01-02,Galletas,1,1,15
2024-01-02,Pastel,1,1,9
2024-01-03,Pan francés,2,1,39
2024-01-03,Pan dulce,2,1,25
2024-01-03,Galletas,2,1,15
2024-01-03,Pastel,2,1,11
2024-01-04,Pan francés,3,1,42
2024-01-04,Pan dulce,3,1,25
2024-01-04,Galletas,3,1,13
2024-01-04,Pastel,3,1,8
2024-01-05,Pan francés,4,1,61
2024-01-05,Pan dulce,4,1,42
2024-01-05,Galletas,4,1,22
2024-01-05,Pastel,4,1,14
2024-01-06,Pan francés,5,1,63
2024-01-06,Pan dulce,5,1,32
2024-01-06,Galletas,5,1,21
2024-01-06,Pastel,5,1,15
2024-01-07,Pan francés,6,1,34
2024-01-07,Pan dulce,6,1,19
2024-01-07,Galletas,6,1,12
2024-01-07,Pastel,6,1,8
2024-01-08,Pan francés,0,1,43
2024-01-08,Pan dulce,0,1,22
2024-01-08,Galletas,0,1,15
2024-01-08,Pastel,0,1,8
2024-01-09,Pan francés,1,1,29
2024-01-09,Pan dulce,1,1,23
2024-01-09,Galletas,1,1,13
2024-01-09,Pastel,1,1,10
2024-01-10,Pan francés,2,1,42
2024-01-10,Pan dulce,2,1,21
2024-01-10,Galletas,2,1,16
2024-01-10,Pastel,2,1,8
2024-01-11,Pan francés,3,1,39
2024-01-11,Pan dulce,3,1,24
2024-01-11,Galletas,3,1,15
2024-01-11,Pastel,3,1,10
2024-01-12,Pan francés,4,1,63
2024-01-12,Pan dulce,4,1,38
2024-01-12,Galletas,4,1,23
2024-01-12,Pastel,4,1,15
2024-01-13,Pan francés,5,1,56
2024-01-13,Pan dulce,5,1,34
2024-01-13,Galletas,5,1,21
2024-01-13,Pastel,5,1,15
2024-01-14,Pan francés,6,1,31
2024-01-14,Pan dulce,6,1,24
2024-01-14,Galletas,6,1,11
2024-01-14,Pastel,6,1,7
2024-01-15,Pan francés,0,1,43
2024-01-15,Pan dulce,0,1,28
2024-01-15,Galletas,0,1,15
2024-01-15,Pastel,0,1,10
2024-01-16,Pan francés,1,1,45
2024-01-16,Pan dulce,1,1,24
2024-01-16,Galletas,1,1,12
2024-01-16,Pastel,1,1,9
2024-01-17,Pan francés,2,1,43
2024-01-17,Pan dulce,2,1,21
2024-01-17,Galletas,2,1,15
2024-01-17,Pastel,2,1,10
2024-01-18,Pan francés,3,1,38
2024-01-18,Pan dulce,3,1,26
2024-01-18,Galletas,3,1,15
2024-01-18,Pastel,3,1,12
2024-01-19,Pan francés,4,1,63
2024-01-19,Pan dulce,4,1,35
2024-01-19,Galletas,4,1,21
2024-01-19,Pastel,4,1,13
2024-01-20,Pan francés,5,1,65
2024-01-20,Pan dulce,5,1,35
2024-01-20,Galletas,5,1,22
2024-01-20,Pastel,5,1,16
2024-01-21,Pan francés,6,1,29
2024-01-21,Pan dulce,6,1,19
2024-01-21,Galletas,6,1,9
2024-01-21,Pastel,6,1,7
2024-01-22,Pan francés,0,1,37
2024-01-22,Pan dulce,0,1,26
2024-01-22,Galletas,0,1,16
2024-01-22,Pastel,0,1,9
2024-01-23,Pan francés,1,1,41
2024-01-23,Pan dulce,1,1,25
2024-01-23,Galletas,1,1,16
2024-01-23,Pastel,1,1,10
2024-01-24,Pan francés,2,1,41
2024-01-24,Pan dulce,2,1,22
2024-01-24,Galletas,2,1,16
2024-01-24,Pastel,2,1,10
2024-01-25,Pan francés,3,1,44
2024-01-25,Pan dulce,3,1,24
2024-01-25,Galletas,3,1,17
2024-01-25,Pastel,3,1,9
2024-01-26,Pan francés,4,1,69
2024-01-26,Pan dulce,4,1,37
2024-01-26,Galletas,4,1,21
2024-01-26,Pastel,4,1,13
2024-01-27,Pan francés,5,1,59
2024-01-27,Pan dulce,5,1,42
2024-01-27,Galletas,5,1,24
2024-01-27,Pastel,5,1,16
2024-01-28,Pan francés,6,1,24
2024-01-28,Pan dulce,6,1,21
2024-01-28,Galletas,6,1,12
2024-01-28,Pastel,6,1,7
2024-01-29,Pan francés,0,1,37
2024-01-29,Pan dulce,0,1,24
2024-01-29,Galletas,0,1,17
2024-01-29,Pastel,0,1,8
2024-01-30,Pan francés,1,1,38
2024-01-30,Pan dulce,1,1,28
2024-01-30,Galletas,1,1,14
2024-01-30,Pastel,1,1,9
2024-01-31,Pan francés,2,1,40
2024-01-31,Pan dulce,2,1,21
2024-01-31,Galletas,2,1,15
2024-01-31,Pastel,2,1,8
2024-02-01,Pan francés,3,2,43
2024-02-01,Pan dulce,3,2,25
2024-02-01,Galletas,3,2,18
2024-02-01,Pastel,3,2,10
2024-02-02,Pan francés,4,2,68
2024-02-02,Pan dulce,4,2,32
2024-02-02,Galletas,4,2,22
2024-02-02,Pastel,4,2,15
2024-02-03,Pan francés,5,2,70
2024-02-03,Pan dulce,5,2,31
2024-02-03,Galletas,5,2,24
2024-02-03,Pastel,5,2,15
2024-02-04,Pan francés,6,2,36
2024-02-04,Pan dulce,6,2,21
2024-02-04,Galletas,6,2,12
2024-02-04,Pastel,6,2,7
2024-02-05,Pan francés,0,2,35
2024-02-05,Pan dulce,0,2,25
2024-02-05,Galletas,0,2,14
2024-02-05,Pastel,0,2,12
2024-02-06,Pan francés,1,2,37
2024-02-06,Pan dulce,1,2,25
2024-02-06,Galletas,1,2,12
2024-02-06,Pastel,1,2,9
2024-02-07,Pan francés,2,2,41
2024-02-07,Pan dulce,2,2,27
2024-02-07,Galletas,2,2,17
2024-02-07,Pastel,2,2,9
2024-02-08,Pan francés,3,2,35
2024-02-08,Pan dulce,3,2,26
2024-02-08,Galletas,3,2,15
2024-02-08,Pastel,3,2,10
2024-02-09,Pan francés,4,2,55
2024-02-09,Pan dulce,4,2,41
2024-02-09,Galletas,4,2,22
2024-02-09,Pastel,4,2,16
2024-02-10,Pan francés,5,2,67
2024-02-10,Pan dulce,5,2,39
2024-02-10,Galletas,5,2,23
2024-02-10,Pastel,5,2,18
2024-02-11,Pan francés,6,2,32
2024-02-11,Pan dulce,6,2,19
2024-02-11,Galletas,6,2,12
2024-02-11,Pastel,6,2,9
2024-02-12,Pan francés,0,2,40
2024-02-12,Pan dulce,0,2,26
2024-02-12,Galletas,0,2,16
2024-02-12,Pastel,0,2,9
2024-02-13,Pan francés,1,2,33
2024-02-13,Pan dulce,1,2,25
2024-02-13,Galletas,1,2,15
2024-02-13,Pastel,1,2,9
2024-02-14,Pan francés,2,2,43
2024-02-14,Pan dulce,2,2,26
2024-02-14,Galletas,2,2,13
2024-02-14,Pastel,2,2,10
2024-02-15,Pan francés,3,2,39
2024-02-15,Pan dulce,3,2,21
2024-02-15,Galletas,3,2,15
2024-02-15,Pastel,3,2,9
2024-02-16,Pan francés,4,2,55
2024-02-16,Pan dulce,4,2,39
2024-02-16,Galletas,4,2,23
2024-02-16,Pastel,4,2,14
2024-02-17,Pan francés,5,2,62
2024-02-17,Pan dulce,5,2,41
2024-02-17,Galletas,5,2,20
2024-02-17,Pastel,5,2,15
2024-02-18,Pan francés,6,2,32
2024-02-18,Pan dulce,6,2,24
2024-02-18,Galletas,6,2,9
2024-02-18,Pastel,6,2,8
2024-02-19,Pan francés,0,2,38
2024-02-19,Pan dulce,0,2,24
2024-02-19,Galletas,0,2,17
2024-02-19,Pastel,0,2,9
2024-02-20,Pan francés,1,2,48
2024-02-20,Pan dulce,1,2,23
2024-02-20,Galletas,1,2,15
2024-02-20,Pastel,1,2,9
2024-02-21,Pan francés,2,2,37
2024-02-21,Pan dulce,2,2,25
2024-02-21,Galletas,2,2,14
2024-02-21,Pastel,2,2,10
2024-02-22,Pan francés,3,2,31
2024-02-22,Pan dulce,3,2,30
2024-02-22,Galletas,3,2,14
2024-02-22,Pastel,3,2,11
2024-02-23,Pan francés,4,2,53
2024-02-23,Pan dulce,4,2,38
2024-02-23,Galletas,4,2,29
2024-02-23,Pastel,4,2,13
2024-02-24,Pan francés,5,2,51
2024-02-24,Pan dulce,5,2,35
2024-02-24,Galletas,5,2,23
2024-02-24,Pastel,5,2,16
2024-02-25,Pan francés,6,2,36
2024-02-25,Pan dulce,6,2,19
2024-02-25,Galletas,6,2,10
2024-02-25,Pastel,6,2,7
2024-02-26,Pan francés,0,2,44
2024-02-26,Pan dulce,0,2,26
2024-02-26,Galletas,0,2,12
2024-02-26,Pastel,0,2,9
2024-02-27,Pan francés,1,2,45
2024-02-27,Pan dulce,1,2,30
2024-02-27,Galletas,1,2,15
2024-02-27,Pastel,1,2,10
2024-02-28,Pan francés,2,2,35
2024-02-28,Pan dulce,2,2,22
2024-02-28,Galletas,2,2,15
2024-02-28,Pastel,2,2,10
2024-02-29,Pan francés,3,2,42
2024-02-29,Pan dulce,3,2,23
2024-02-29,Galletas,3,2,13
2024-02-29,Pastel,3,2,9
2024-03-01,Pan francés,4,3,53
2024-03-01,Pan dulce,4,3,39
2024-03-01,Galletas,4,3,17
2024-03-01,Pastel,4,3,14
2024-03-02,Pan francés,5,3,62
2024-03-02,Pan dulce,5,3,43
2024-03-02,Galletas,5,3,22
2024-03-02,Pastel,5,3,16
2024-03-03,Pan francés,6,3,30
2024-03-03,Pan dulce,6,3,18
2024-03-03,Galletas,6,3,11
2024-03-03,Pastel,6,3,9
2024-03-04,Pan francés,0,3,43
2024-03-04,Pan dulce,0,3,26
2024-03-04,Galletas,0,3,19
2024-03-04,Pastel,0,3,9
2024-03-05,Pan francés,1,3,42
2024-03-05,Pan dulce,1,3,25
2024-03-05,Galletas,1,3,14
2024-03-05,Pastel,1,3,12
2024-03-06,Pan francés,2,3,46
2024-03-06,Pan dulce,2,3,21
2024-03-06,Galletas,2,3,14
2024-03-06,Pastel,2,3,10
2024-03-07,Pan francés,3,3,43
2024-03-07,Pan dulce,3,3,21
2024-03-07,Galletas,3,3,11
2024-03-07,Pastel,3,3,8
2024-03-08,Pan francés,4,3,59
2024-03-08,Pan dulce,4,3,37
2024-03-08,Galletas,4,3,23
2024-03-08,Pastel,4,3,13
2024-03-09,Pan francés,5,3,52
2024-03-09,Pan dulce,5,3,29
2024-03-09,Galletas,5,3,23
2024-03-09,Pastel,5,3,15
2024-03-10,Pan francés,6,3,35
2024-03-10,Pan dulce,6,3,21
2024-03-10,Galletas,6,3,11
2024-03-10,Pastel,6,3,9
2024-03-11,Pan francés,0,3,39
2024-03-11,Pan dulce,0,3,23
2024-03-11,Galletas,0,3,14
2024-03-11,Pastel,0,3,9
2024-03-12,Pan francés,1,3,31
2024-03-12,Pan dulce,1,3,25
2024-03-12,Galletas,1,3,15
2024-03-12,Pastel,1,3,9
2024-03-13,Pan francés,2,3,37
2024-03-13,Pan dulce,2,3,25
2024-03-13,Galletas,2,3,17
2024-03-13,Pastel,2,3,10
2024-03-14,Pan francés,3,3,37
2024-03-14,Pan dulce,3,3,23
2024-03-14,Galletas,3,3,14
2024-03-14,Pastel,3,3,8
2024-03-15,Pan francés,4,3,59
2024-03-15,Pan dulce,4,3,37
2024-03-15,Galletas,4,3,26
2024-03-15,Pastel,4,3,16
2024-03-16,Pan francés,5,3,66
2024-03-16,Pan dulce,5,3,34
2024-03-16,Galletas,5,3,24
2024-03-16,Pastel,5,3,13
2024-03-17,Pan francés,6,3,32
2024-03-17,Pan dulce,6,3,20
2024-03-17,Galletas,6,3,11
2024-03-17,Pastel,6,3,9
2024-03-18,Pan francés,0,3,42
2024-03-18,Pan dulce,0,3,20
2024-03-18,Galletas,0,3,15
2024-03-18,Pastel,0,3,9
2024-03-19,Pan francés,1,3,40
2024-03-19,Pan dulce,1,3,26
2024-03-19,Galletas,1,3,15
2024-03-19,Pastel,1,3,7
2024-03-20,Pan francés,2,3,35
2024-03-20,Pan dulce,2,3,26
2024-03-20,Galletas,2,3,16
2024-03-20,Pastel,2,3,11
2024-03-21,Pan francés,3,3,47
2024-03-21,Pan dulce,3,3,19
2024-03-21,Galletas,3,3,16
2024-03-21,Pastel,3,3,8
2024-03-22,Pan francés,4,3,69
2024-03-22,Pan dulce,4,3,38
2024-03-22,Galletas,4,3,19
2024-03-22,Pastel,4,3,18
2024-03-23,Pan francés,5,3,63
2024-03-23,Pan dulce,5,3,30
2024-03-23,Galletas,5,3,23
2024-03-23,Pastel,5,3,13
2024-03-24,Pan francés,6,3,32
2024-03-24,Pan dulce,6,3,19
2024-03-24,Galletas,6,3,13
2024-03-24,Pastel,6,3,6
2024-03-25,Pan francés,0,3,41
2024-03-25,Pan dulce,0,3,29
2024-03-25,Galletas,0,3,13
2024-03-25,Pastel,0,3,10
2024-03-26,Pan francés,1,3,40
2024-03-26,Pan dulce,1,3,23
2024-03-26,Galletas,1,3,15
2024-03-26,Pastel,1,3,10
2024-03-27,Pan francés,2,3,36
2024-03-27,Pan dulce,2,3,29
2024-03-27,Galletas,2,3,16
2024-03-27,Pastel,2,3,9
2024-03-28,Pan francés,3,3,37
2024-03-28,Pan dulce,3,3,23
2024-03-28,Galletas,3,3,16
2024-03-28,Pastel,3,3,9
2024-03-29,Pan francés,4,3,62
2024-03-29,Pan dulce,4,3,36
2024-03-29,Galletas,4,3,23
2024-03-29,Pastel,4,3,14
2024-03-30,Pan francés,5,3,64
2024-03-30,Pan dulce,5,3,36
2024-03-30,Galletas,5,3,24
2024-03-30,Pastel,5,3,16
2024-03-31,Pan francés,6,3,31
2024-03-31,Pan dulce,6,3,18
2024-03-31,Galletas,6,3,10
2024-03-31,Pastel,6,3,7
2024-04-01,Pan francés,0,4,36
2024-04-01,Pan dulce,0,4,27
2024-04-01,Galletas,0,4,14
2024-04-01,Pastel,0,4,11
2024-04-02,Pan francés,1,4,49
2024-04-02,Pan dulce,1,4,25
2024-04-02,Galletas,1,4,12
2024-04-02,Pastel,1,4,9
2024-04-03,Pan francés,2,4,39
2024-04-03,Pan dulce,2,4,21
2024-04-03,Galletas,2,4,14
2024-04-03,Pastel,2,4,10
2024-04-04,Pan francés,3,4,38
2024-04-04,Pan dulce,3,4,23
2024-04-04,Galletas,3,4,13
2024-04-04,Pastel,3,4,11
2024-04-05,Pan francés,4,4,59
2024-04-05,Pan dulce,4,4,34
2024-04-05,Galletas,4,4,21
2024-04-05,Pastel,4,4,16
2024-04-06,Pan francés,5,4,55
2024-04-06,Pan dulce,5,4,39
2024-04-06,Galletas,5,4,24
2024-04-06,Pastel,5,4,16
2024-04-07,Pan francés,6,4,36
2024-04-07,Pan dulce,6,4,18
2024-04-07,Galletas,6,4,13
2024-04-07,Pastel,6,4,7
2024-04-08,Pan francés,0,4,38
2024-04-08,Pan dulce,0,4,27
2024-04-08,Galletas,0,4,16
2024-04-08,Pastel,0,4,10
2024-04-09,Pan francés,1,4,35
2024-04-09,Pan dulce,1,4,26
2024-04-09,Galletas,1,4,14
2024-04-09,Pastel,1,4,9
2024-04-10,Pan francés,2,4,37
2024-04-10,Pan dulce,2,4,25
2024-04-10,Galletas,2,4,11
2024-04-10,Pastel,2,4,10
2024-04-11,Pan francés,3,4,40
2024-04-11,Pan dulce,3,4,23
2024-04-11,Galletas,3,4,16
2024-04-11,Pastel,3,4,10
2024-04-12,Pan francés,4,4,56
2024-04-12,Pan dulce,4,4,34
2024-04-12,Galletas,4,4,24
2024-04-12,Pastel,4,4,12
2024-04-13,Pan francés,5,4,58
2024-04-13,Pan dulce,5,4,35
2024-04-13,Galletas,5,4,22
2024-04-13,Pastel,5,4,15
2024-04-14,Pan francés,6,4,32
2024-04-14,Pan dulce,6,4,22
2024-04-14,Galletas,6,4,12
2024-04-14,Pastel,6,4,7
2024-04-15,Pan francés,0,4,35
2024-04-15,Pan dulce,0,4,26
2024-04-15,Galletas,0,4,15
2024-04-15,Pastel,0,4,11
2024-04-16,Pan francés,1,4,37
2024-04-16,Pan dulce,1,4,25
2024-04-16,Galletas,1,4,14
2024-04-16,Pastel,1,4,9
2024-04-17,Pan francés,2,4,40
2024-04-17,Pan dulce,2,4,20
2024-04-17,Galletas,2,4,16
2024-04-17,Pastel,2,4,10
2024-04-18,Pan francés,3,4,44
2024-04-18,Pan dulce,3,4,30
2024-04-18,Galletas,3,4,14
2024-04-18,Pastel,3,4,9
2024-04-19,Pan francés,4,4,60
2024-04-19,Pan dulce,4,4,44
2024-04-19,Galletas,4,4,18
2024-04-19,Pastel,4,4,15
2024-04-20,Pan francés,5,4,51
2024-04-20,Pan dulce,5,4,27
2024-04-20,Galletas,5,4,17
2024-04-20,Pastel,5,4,12
2024-04-21,Pan francés,6,4,35
2024-04-21,Pan dulce,6,4,18
2024-04-21,Galletas,6,4,11
2024-04-21,Pastel,6,4,7
2024-04-22,Pan francés,0,4,42
2024-04-22,Pan dulce,0,4,22
2024-04-22,Galletas,0,4,16
2024-04-22,Pastel,0,4,9
2024-04-23,Pan francés,1,4,36
2024-04-23,Pan dulce,1,4,25
2024-04-23,Galletas,1,4,15
2024-04-23,Pastel,1,4,11
2024-04-24,Pan francés,2,4,40
2024-04-24,Pan dulce,2,4,21
2024-04-24,Galletas,2,4,14
2024-04-24,Pastel,2,4,9
2024-04-25,Pan francés,3,4,42
2024-04-25,Pan dulce,3,4,25
2024-04-25,Galletas,3,4,14
2024-04-25,Pastel,3,4,10
2024-04-26,Pan francés,4,4,56
2024-04-26,Pan dulce,4,4,36
2024-04-26,Galletas,4,4,22
2024-04-26,Pastel,4,4,17
2024-04-27,Pan francés,5,4,59
2024-04-27,Pan dulce,5,4,36
2024-04-27,Galletas,5,4,20
2024-04-27,Pastel,5,4,16
2024-04-28,Pan francés,6,4,30
2024-04-28,Pan dulce,6,4,20
2024-04-28,Galletas,6,4,9
2024-04-28,Pastel,6,4,8
2024-04-29,Pan francés,0,4,34
2024-04-29,Pan dulce,0,4,23
2024-04-29,Galletas,0,4,16
2024-04-29,Pastel,0,4,8
2024-04-30,Pan francés,1,4,39
2024-04-30,Pan dulce,1,4,25
2024-04-30,Galletas,1,4,13
2024-04-30,Pastel,1,4,11
2024-05-01,Pan francés,2,5,45
2024-05-01,Pan dulce,2,5,20
2024-05-01,Galletas,2,5,12
2024-05-01,Pastel,2,5,10
2024-05-02,Pan francés,3,5,34
2024-05-02,Pan dulce,3,5,24
2024-05-02,Galletas,3,5,15
2024-05-02,Pastel,3,5,10
2024-05-03,Pan francés,4,5,58
2024-05-03,Pan dulce,4,5,37
2024-05-03,Galletas,4,5,20
2024-05-03,Pastel,4,5,16
2024-05-04,Pan francés,5,5,57
2024-05-04,Pan dulce,5,5,38
2024-05-04,Galletas,5,5,21
2024-05-04,Pastel,5,5,15
2024-05-05,Pan francés,6,5,31
2024-05-05,Pan dulce,6,5,19
2024-05-05,Galletas,6,5,10
2024-05-05,Pastel,6,5,8
2024-05-06,Pan francés,0,5,45
2024-05-06,Pan dulce,0,5,25
2024-05-06,Galletas,0,5,16
2024-05-06,Pastel,0,5,10
2024-05-07,Pan francés,1,5,43
2024-05-07,Pan dulce,1,5,25
2024-05-07,Galletas,1,5,15
2024-05-07,Pastel,1,5,10
2024-05-08,Pan francés,2,5,40
2024-05-08,Pan dulce,2,5,22
2024-05-08,Galletas,2,5,15
2024-05-08,Pastel,2,5,8
2024-05-09,Pan francés,3,5,39
2024-05-09,Pan dulce,3,5,26
2024-05-09,Galletas,3,5,16
2024-05-09,Pastel,3,5,10
2024-05-10,Pan francés,4,5,65
2024-05-10,Pan dulce,4,5,37
2024-05-10,Galletas,4,5,20
2024-05-10,Pastel,4,5,12
2024-05-11,Pan francés,5,5,54
2024-05-11,Pan dulce,5,5,32
2024-05-11,Galletas,5,5,23
2024-05-11,Pastel,5,5,14
2024-05-12,Pan francés,6,5,33
2024-05-12,Pan dulce,6,5,20
2024-05-12,Galletas,6,5,13
2024-05-12,Pastel,6,5,8
2024-05-13,Pan francés,0,5,37
2024-05-13,Pan dulce,0,5,24
2024-05-13,Galletas,0,5,14
2024-05-13,Pastel,0,5,8
2024-05-14,Pan francés,1,5,42
2024-05-14,Pan dulce,1,5,27
2024-05-14,Galletas,1,5,14
2024-05-14,Pastel,1,5,9
2024-05-15,Pan francés,2,5,44
2024-05-15,Pan dulce,2,5,19
2024-05-15,Galletas,2,5,15
2024-05-15,Pastel,2,5,10
2024-05-16,Pan francés,3,5,37
2024-05-16,Pan dulce,3,5,28
2024-05-16,Galletas,3,5,16
2024-05-16,Pastel,3,5,9
2024-05-17,Pan francés,4,5,59
2024-05-17,Pan dulce,4,5,36
2024-05-17,Galletas,4,5,21
2024-05-17,Pastel,4,5,13
2024-05-18,Pan francés,5,5,68
2024-05-18,Pan dulce,5,5,41
2024-05-18,Galletas,5,5,24
2024-05-18,Pastel,5,5,13
2024-05-19,Pan francés,6,5,38
2024-05-19,Pan dulce,6,5,23
2024-05-19,Galletas,6,5,12
2024-05-19,Pastel,6,5,7
2024-05-20,Pan francés,0,5,36
2024-05-20,Pan dulce,0,5,26
2024-05-20,Galletas,0,5,13
2024-05-20,Pastel,0,5,9
2024-05-21,Pan francés,1,5,44
2024-05-21,Pan dulce,1,5,21
2024-05-21,Galletas,1,5,18
2024-05-21,Pastel,1,5,11
2024-05-22,Pan francés,2,5,35
2024-05-22,Pan dulce,2,5,21
2024-05-22,Galletas,2,5,14
2024-05-22,Pastel,2,5,8
2024-05-23,Pan francés,3,5,38
2024-05-23,Pan dulce,3,5,18
2024-05-23,Galletas,3,5,14
2024-05-23,Pastel,3,5,11
2024-05-24,Pan francés,4,5,53
2024-05-24,Pan dulce,4,5,36
2024-05-24,Galletas,4,5,19
2024-05-24,Pastel,4,5,15
2024-05-25,Pan francés,5,5,58
2024-05-25,Pan dulce,5,5,44
2024-05-25,Galletas,5,5,22
2024-05-25,Pastel,5,5,14
2024-05-26,Pan francés,6,5,33
2024-05-26,Pan dulce,6,5,18
2024-05-26,Galletas,6,5,10
2024-05-26,Pastel,6,5,8
2024-05-27,Pan francés,0,5,39
2024-05-27,Pan dulce,0,5,25
2024-05-27,Galletas,0,5,15
2024-05-27,Pastel,0,5,9
2024-05-28,Pan francés,1,5,41
2024-05-28,Pan dulce,1,5,29
2024-05-28,Galletas,1,5,13
2024-05-28,Pastel,1,5,11
2024-05-29,Pan francés,2,5,39
2024-05-29,Pan dulce,2,5,23
2024-05-29,Galletas,2,5,18
2024-05-29,Pastel,2,5,10
2024-05-30,Pan francés,3,5,45
2024-05-30,Pan dulce,3,5,27
2024-05-30,Galletas,3,5,12
2024-05-30,Pastel,3,5,10
2024-05-31,Pan francés,4,5,56
2024-05-31,Pan dulce,4,5,32
2024-05-31,Galletas,4,5,18
2024-05-31,Pastel,4,5,15
2024-06-01,Pan francés,5,6,63
2024-06-01,Pan dulce,5,6,38
2024-06-01,Galletas,5,6,21
2024-06-01,Pastel,5,6,13
2024-06-02,Pan francés,6,6,28
2024-06-02,Pan dulce,6,6,18
2024-06-02,Galletas,6,6,10
2024-06-02,Pastel,6,6,7
2024-06-03,Pan francés,0,6,39
2024-06-03,Pan dulce,0,6,22
2024-06-03,Galletas,0,6,14
2024-06-03,Pastel,0,6,9
2024-06-04,Pan francés,1,6,39
2024-06-04,Pan dulce,1,6,26
2024-06-04,Galletas,1,6,15
2024-06-04,Pastel,1,6,10
2024-06-05,Pan francés,2,6,33
2024-06-05,Pan dulce,2,6,24
2024-06-05,Galletas,2,6,15
2024-06-05,Pastel,2,6,10
2024-06-06,Pan francés,3,6,33
2024-06-06,Pan dulce,3,6,25
2024-06-06,Galletas,3,6,16
2024-06-06,Pastel,3,6,9
2024-06-07,Pan francés,4,6,59
2024-06-07,Pan dulce,4,6,39
2024-06-07,Galletas,4,6,23
2024-06-07,Pastel,4,6,16
2024-06-08,Pan francés,5,6,60
2024-06-08,Pan dulce,5,6,38
2024-06-08,Galletas,5,6,20
2024-06-08,Pastel,5,6,14
2024-06-09,Pan francés,6,6,36
2024-06-09,Pan dulce,6,6,19
2024-06-09,Galletas,6,6,11
2024-06-09,Pastel,6,6,7
2024-06-10,Pan francés,0,6,43
2024-06-10,Pan dulce,0,6,22
2024-06-10,Galletas,0,6,16
2024-06-10,Pastel,0,6,9
2024-06-11,Pan francés,1,6,35
2024-06-11,Pan dulce,1,6,25
2024-06-11,Galletas,1,6,15
2024-06-11,Pastel,1,6,10
2024-06-12,Pan francés,2,6,44
2024-06-12,Pan dulce,2,6,23
2024-06-12,Galletas,2,6,15
2024-06-12,Pastel,2,6,9
2024-06-13,Pan francés,3,6,45
2024-06-13,Pan dulce,3,6,26
2024-06-13,Galletas,3,6,15
2024-06-13,Pastel,3,6,10
2024-06-14,Pan francés,4,6,55
2024-06-14,Pan dulce,4,6,36
2024-06-14,Galletas,4,6,23
2024-06-14,Pastel,4,6,14
2024-06-15,Pan francés,5,6,60
2024-06-15,Pan dulce,5,6,32
2024-06-15,Galletas,5,6,22
2024-06-15,Pastel,5,6,13
2024-06-16,Pan francés,6,6,28
2024-06-16,Pan dulce,6,6,19
2024-06-16,Galletas,6,6,9
2024-06-16,Pastel,6,6,8
2024-06-17,Pan francés,0,6,43
2024-06-17,Pan dulce,0,6,24
2024-06-17,Galletas,0,6,13
2024-06-17,Pastel,0,6,9
2024-06-18,Pan francés,1,6,39
2024-06-18,Pan dulce,1,6,18
2024-06-18,Galletas,1,6,15
2024-06-18,Pastel,1,6,10
2024-06-19,Pan francés,2,6,38
2024-06-19,Pan dulce,2,6,23
2024-06-19,Galletas,2,6,15
2024-06-19,Pastel,2,6,10
2024-06-20,Pan francés,3,6,44
2024-06-20,Pan dulce,3,6,25
2024-06-20,Galletas,3,6,13
2024-06-20,Pastel,3,6,9
2024-06-21,Pan francés,4,6,61
2024-06-21,Pan dulce,4,6,43
2024-06-21,Galletas,4,6,21
2024-06-21,Pastel,4,6,13
2024-06-22,Pan francés,5,6,54
2024-06-22,Pan dulce,5,6,29
2024-06-22,Galletas,5,6,23
2024-06-22,Pastel,5,6,12
2024-06-23,Pan francés,6,6,28
2024-06-23,Pan dulce,6,6,16
2024-06-23,Galletas,6,6,10
2024-06-23,Pastel,6,6,8
2024-06-24,Pan francés,0,6,34
2024-06-24,Pan dulce,0,6,20
2024-06-24,Galletas,0,6,15
2024-06-24,Pastel,0,6,9
2024-06-25,Pan francés,1,6,41
2024-06-25,Pan dulce,1,6,26
2024-06-25,Galletas,1,6,14
2024-06-25,Pastel,1,6,8
2024-06-26,Pan francés,2,6,39
2024-06-26,Pan dulce,2,6,26
2024-06-26,Galletas,2,6,14
2024-06-26,Pastel,2,6,8
2024-06-27,Pan francés,3,6,44
2024-06-27,Pan dulce,3,6,23
2024-06-27,Galletas,3,6,14
2024-06-27,Pastel,3,6,10
2024-06-28,Pan francés,4,6,66
2024-06-28,Pan dulce,4,6,38
2024-06-28,Galletas,4,6,21
2024-06-28,Pastel,4,6,16
2024-06-29,Pan francés,5,6,72
2024-06-29,Pan dulce,5,6,42
2024-06-29,Galletas,5,6,24
2024-06-29,Pastel,5,6,13
2024-06-30,Pan francés,6,6,44
2024-06-30,Pan dulce,6,6,17
2024-06-30,Galletas,6,6,11
2024-06-30,Pastel,6,6,7
2024-07-01,Pan francés,0,7,46
2024-07-01,Pan dulce,0,7,26
2024-07-01,Galletas,0,7,12
2024-07-01,Pastel,0,7,10
2024-07-02,Pan francés,1,7,42
2024-07-02,Pan dulce,1,7,24
2024-07-02,Galletas,1,7,13
2024-07-02,Pastel,1,7,9
2024-07-03,Pan francés,2,7,38
2024-07-03,Pan dulce,2,7,25
2024-07-03,Galletas,2,7,14
2024-07-03,Pastel,2,7,10
2024-07-04,Pan francés,3,7,36
2024-07-04,Pan dulce,3,7,20
2024-07-04,Galletas,3,7,13
2024-07-04,Pastel,3,7,11
2024-07-05,Pan francés,4,7,56
2024-07-05,Pan dulce,4,7,46
2024-07-05,Galletas,4,7,23
2024-07-05,Pastel,4,7,13
2024-07-06,Pan francés,5,7,54
2024-07-06,Pan dulce,5,7,38
2024-07-06,Galletas,5,7,19
2024-07-06,Pastel,5,7,18
2024-07-07,Pan francés,6,7,28
2024-07-07,Pan dulce,6,7,21
2024-07-07,Galletas,6,7,13
2024-07-07,Pastel,6,7,7
2024-07-08,Pan francés,0,7,36
2024-07-08,Pan dulce,0,7,24
2024-07-08,Galletas,0,7,15
2024-07-08,Pastel,0,7,10
2024-07-09,Pan francés,1,7,40
2024-07-09,Pan dulce,1,7,21
2024-07-09,Galletas,1,7,15
2024-07-09,Pastel,1,7,9
2024-07-10,Pan francés,2,7,31
2024-07-10,Pan dulce,2,7,23
2024-07-10,Galletas,2,7,12
2024-07-10,Pastel,2,7,10
2024-07-11,Pan francés,3,7,47
2024-07-11,Pan dulce,3,7,29
2024-07-11,Galletas,3,7,14
2024-07-11,Pastel,3,7,9
2024-07-12,Pan francés,4,7,64
2024-07-12,Pan dulce,4,7,41
2024-07-12,Galletas,4,7,21
2024-07-12,Pastel,4,7,14
2024-07-13,Pan francés,5,7,73
2024-07-13,Pan dulce,5,7,37
2024-07-13,Galletas,5,7,21
2024-07-13,Pastel,5,7,15
2024-07-14,Pan francés,6,7,33
2024-07-14,Pan dulce,6,7,17
2024-07-14,Galletas,6,7,11
2024-07-14,Pastel,6,7,7
2024-07-15,Pan francés,0,7,38
2024-07-15,Pan dulce,0,7,29
2024-07-15,Galletas,0,7,16
2024-07-15,Pastel,0,7,9
2024-07-16,Pan francés,1,7,36
2024-07-16,Pan dulce,1,7,24
2024-07-16,Galletas,1,7,16
2024-07-16,Pastel,1,7,9
2024-07-17,Pan francés,2,7,45
2024-07-17,Pan dulce,2,7,21
2024-07-17,Galletas,2,7,14
2024-07-17,Pastel,2,7,11
2024-07-18,Pan francés,3,7,31
2024-07-18,Pan dulce,3,7,27
2024-07-18,Galletas,3,7,12
2024-07-18,Pastel,3,7,9
2024-07-19,Pan francés,4,7,58
2024-07-19,Pan dulce,4,7,40
2024-07-19,Galletas,4,7,15
2024-07-19,Pastel,4,7,12
2024-07-20,Pan francés,5,7,56
2024-07-20,Pan dulce,5,7,37
2024-07-20,Galletas,5,7,20
2024-07-20,Pastel,5,7,14
2024-07-21,Pan francés,6,7,28
2024-07-21,Pan dulce,6,7,19
2024-07-21,Galletas,6,7,10
2024-07-21,Pastel,6,7,8
2024-07-22,Pan francés,0,7,42
2024-07-22,Pan dulce,0,7,28
2024-07-22,Galletas,0,7,14
2024-07-22,Pastel,0,7,9
2024-07-23,Pan francés,1,7,40
2024-07-23,Pan dulce,1,7,24
2024-07-23,Galletas,1,7,14
2024-07-23,Pastel,1,7,8
2024-07-24,Pan francés,2,7,41
2024-07-24,Pan dulce,2,7,22
2024-07-24,Galletas,2,7,13
2024-07-24,Pastel,2,7,8
2024-07-25,Pan francés,3,7,44
2024-07-25,Pan dulce,3,7,24
2024-07-25,Galletas,3,7,16
2024-07-25,Pastel,3,7,10
2024-07-26,Pan francés,4,7,49
2024-07-26,Pan dulce,4,7,33
2024-07-26,Galletas,4,7,24
2024-07-26,Pastel,4,7,13
2024-07-27,Pan francés,5,7,53
2024-07-27,Pan dulce,5,7,36
2024-07-27,Galletas,5,7,22
2024-07-27,Pastel,5,7,13
2024-07-28,Pan francés,6,7,30
2024-07-28,Pan dulce,6,7,19
2024-07-28,Galletas,6,7,8
2024-07-28,Pastel,6,7,8
2024-07-29,Pan francés,0,7,36
2024-07-29,Pan dulce,0,7,28
2024-07-29,Galletas,0,7,13
2024-07-29,Pastel,0,7,8
2024-07-30,Pan francés,1,7,44
2024-07-30,Pan dulce,1,7,21
2024-07-30,Galletas,1,7,14
2024-07-30,Pastel,1,7,10
2024-07-31,Pan francés,2,7,38
2024-07-31,Pan dulce,2,7,20
2024-07-31,Galletas,2,7,15
2024-07-31,Pastel,2,7,9
2024-08-01,Pan francés,3,8,45
2024-08-01,Pan dulce,3,8,26
2024-08-01,Galletas,3,8,19
2024-08-01,Pastel,3,8,8
2024-08-02,Pan francés,4,8,59
2024-08-02,Pan dulce,4,8,33
2024-08-02,Galletas,4,8,25
2024-08-02,Pastel,4,8,16
2024-08-03,Pan francés,5,8,64
2024-08-03,Pan dulce,5,8,34
2024-08-03,Galletas,5,8,20
2024-08-03,Pastel,5,8,11
2024-08-04,Pan francés,6,8,37
2024-08-04,Pan dulce,6,8,21
2024-08-04,Galletas,6,8,11
2024-08-04,Pastel,6,8,8
2024-08-05,Pan francés,0,8,43
2024-08-05,Pan dulce,0,8,27
2024-08-05,Galletas,0,8,12
2024-08-05,Pastel,0,8,9
2024-08-06,Pan francés,1,8,40
2024-08-06,Pan dulce,1,8,25
2024-08-06,Galletas,1,8,16
2024-08-06,Pastel,1,8,8
2024-08-07,Pan francés,2,8,40
2024-08-07,Pan dulce,2,8,30
2024-08-07,Galletas,2,8,16
2024-08-07,Pastel,2,8,10
2024-08-08,Pan francés,3,8,39
2024-08-08,Pan dulce,3,8,26
2024-08-08,Galletas,3,8,17
2024-08-08,Pastel,3,8,10
2024-08-09,Pan francés,4,8,67
2024-08-09,Pan dulce,4,8,34
2024-08-09,Galletas,4,8,23
2024-08-09,Pastel,4,8,16
2024-08-10,Pan francés,5,8,55
2024-08-10,Pan dulce,5,8,41
2024-08-10,Galletas,5,8,20
2024-08-10,Pastel,5,8,13
2024-08-11,Pan francés,6,8,31
2024-08-11,Pan dulce,6,8,23
2024-08-11,Galletas,6,8,12
2024-08-11,Pastel,6,8,8
2024-08-12,Pan francés,0,8,37
2024-08-12,Pan dulce,0,8,25
2024-08-12,Galletas,0,8,13
2024-08-12,Pastel,0,8,9
2024-08-13,Pan francés,1,8,43
2024-08-13,Pan dulce,1,8,24
2024-08-13,Galletas,1,8,17
2024-08-13,Pastel,1,8,9
2024-08-14,Pan francés,2,8,39
2024-08-14,Pan dulce,2,8,28
2024-08-14,Galletas,2,8,14
2024-08-14,Pastel,2,8,8
2024-08-15,Pan francés,3,8,45
2024-08-15,Pan dulce,3,8,26
2024-08-15,Galletas,3,8,11
2024-08-15,Pastel,3,8,10
2024-08-16,Pan francés,4,8,57
2024-08-16,Pan dulce,4,8,44
2024-08-16,Galletas,4,8,20
2024-08-16,Pastel,4,8,14
2024-08-17,Pan francés,5,8,54
2024-08-17,Pan dulce,5,8,33
2024-08-17,Galletas,5,8,20
2024-08-17,Pastel,5,8,12
2024-08-18,Pan francés,6,8,28
2024-08-18,Pan dulce,6,8,16
2024-08-18,Galletas,6,8,10
2024-08-18,Pastel,6,8,6
2024-08-19,Pan francés,0,8,37
2024-08-19,Pan dulce,0,8,23
2024-08-19,Galletas,0,8,13
2024-08-19,Pastel,0,8,10
2024-08-20,Pan francés,1,8,39
2024-08-20,Pan dulce,1,8,23
2024-08-20,Galletas,1,8,14
2024-08-20,Pastel,1,8,11
2024-08-21,Pan francés,2,8,40
2024-08-21,Pan dulce,2,8,26
2024-08-21,Galletas,2,8,11
2024-08-21,Pastel,2,8,9
2024-08-22,Pan francés,3,8,31
2024-08-22,Pan dulce,3,8,23
2024-08-22,Galletas,3,8,15
2024-08-22,Pastel,3,8,9
2024-08-23,Pan francés,4,8,63
2024-08-23,Pan dulce,4,8,33
2024-08-23,Galletas,4,8,23
2024-08-23,Pastel,4,8,12
2024-08-24,Pan francés,5,8,58
2024-08-24,Pan dulce,5,8,39
2024-08-24,Galletas,5,8,23
2024-08-24,Pastel,5,8,14
2024-08-25,Pan francés,6,8,38
2024-08-25,Pan dulce,6,8,19
2024-08-25,Galletas,6,8,11
2024-08-25,Pastel,6,8,5
2024-08-26,Pan francés,0,8,47
2024-08-26,Pan dulce,0,8,24
2024-08-26,Galletas,0,8,13
2024-08-26,Pastel,0,8,11
2024-08-27,Pan francés,1,8,44
2024-08-27,Pan dulce,1,8,25
2024-08-27,Galletas,1,8,12
2024-08-27,Pastel,1,8,10
2024-08-28,Pan francés,2,8,37
2024-08-28,Pan dulce,2,8,22
2024-08-28,Galletas,2,8,16
2024-08-28,Pastel,2,8,7
2024-08-29,Pan francés,3,8,42
2024-08-29,Pan dulce,3,8,26
2024-08-29,Galletas,3,8,18
2024-08-29,Pastel,3,8,10
2024-08-30,Pan francés,4,8,47
2024-08-30,Pan dulce,4,8,34
2024-08-30,Galletas,4,8,22
2024-08-30,Pastel,4,8,15
2024-08-31,Pan francés,5,8,65
2024-08-31,Pan dulce,5,8,30
2024-08-31,Galletas,5,8,21
2024-08-31,Pastel,5,8,16
2024-09-01,Pan francés,6,9,36
2024-09-01,Pan dulce,6,9,23
2024-09-01,Galletas,6,9,11
2024-09-01,Pastel,6,9,8
2024-09-02,Pan francés,0,9,46
2024-09-02,Pan dulce,0,9,27
2024-09-02,Galletas,0,9,16
2024-09-02,Pastel,0,9,10
2024-09-03,Pan francés,1,9,36
2024-09-03,Pan dulce,1,9,21
2024-09-03,Galletas,1,9,16
2024-09-03,Pastel,1,9,9
2024-09-04,Pan francés,2,9,39
2024-09-04,Pan dulce,2,9,23
2024-09-04,Galletas,2,9,14
2024-09-04,Pastel,2,9,10
2024-09-05,Pan francés,3,9,35
2024-09-05,Pan dulce,3,9,25
2024-09-05,Galletas,3,9,15
2024-09-05,Pastel,3,9,9
2024-09-06,Pan francés,4,9,55
2024-09-06,Pan dulce,4,9,40
2024-09-06,Galletas,4,9,26
2024-09-06,Pastel,4,9,14
2024-09-07,Pan francés,5,9,67
2024-09-07,Pan dulce,5,9,40
2024-09-07,Galletas,5,9,16
2024-09-07,Pastel,5,9,13
2024-09-08,Pan francés,6,9,29
2024-09-08,Pan dulce,6,9,21
2024-09-08,Galletas,6,9,12
2024-09-08,Pastel,6,9,8
2024-09-09,Pan francés,0,9,42
2024-09-09,Pan dulce,0,9,22
2024-09-09,Galletas,0,9,13
2024-09-09,Pastel,0,9,8
2024-09-10,Pan francés,1,9,39
2024-09-10,Pan dulce,1,9,24
2024-09-10,Galletas,1,9,15
2024-09-10,Pastel,1,9,9
2024-09-11,Pan francés,2,9,43
2024-09-11,Pan dulce,2,9,27
2024-09-11,Galletas,2,9,17
2024-09-11,Pastel,2,9,10
2024-09-12,Pan francés,3,9,40
2024-09-12,Pan dulce,3,9,26
2024-09-12,Galletas,3,9,15
2024-09-12,Pastel,3,9,9
2024-09-13,Pan francés,4,9,67
2024-09-13,Pan dulce,4,9,43
2024-09-13,Galletas,4,9,26
2024-09-13,Pastel,4,9,15
2024-09-14,Pan francés,5,9,61
2024-09-14,Pan dulce,5,9,39
2024-09-14,Galletas,5,9,22
2024-09-14,Pastel,5,9,15
2024-09-15,Pan francés,6,9,31
2024-09-15,Pan dulce,6,9,19
2024-09-15,Galletas,6,9,14
2024-09-15,Pastel,6,9,8
2024-09-16,Pan francés,0,9,40
2024-09-16,Pan dulce,0,9,27
2024-09-16,Galletas,0,9,15
2024-09-16,Pastel,0,9,10
2024-09-17,Pan francés,1,9,39
2024-09-17,Pan dulce,1,9,21
2024-09-17,Galletas,1,9,14
2024-09-17,Pastel,1,9,8
2024-09-18,Pan francés,2,9,40
2024-09-18,Pan dulce,2,9,22
2024-09-18,Galletas,2,9,16
2024-09-18,Pastel,2,9,10
2024-09-19,Pan francés,3,9,41
2024-09-19,Pan dulce,3,9,24
2024-09-19,Galletas,3,9,15
2024-09-19,Pastel,3,9,8
2024-09-20,Pan francés,4,9,53
2024-09-20,Pan dulce,4,9,36
2024-09-20,Galletas,4,9,23
2024-09-20,Pastel,4,9,14
2024-09-21,Pan francés,5,9,53
2024-09-21,Pan dulce,5,9,38
2024-09-21,Galletas,5,9,21
2024-09-21,Pastel,5,9,13
2024-09-22,Pan francés,6,9,33
2024-09-22,Pan dulce,6,9,19
2024-09-22,Galletas,6,9,13
2024-09-22,Pastel,6,9,8
2024-09-23,Pan francés,0,9,42
2024-09-23,Pan dulce,0,9,25
2024-09-23,Galletas,0,9,13
2024-09-23,Pastel,0,9,9
2024-09-24,Pan francés,1,9,34
2024-09-24,Pan dulce,1,9,32
2024-09-24,Galletas,1,9,13
2024-09-24,Pastel,1,9,9
2024-09-25,Pan francés,2,9,38
2024-09-25,Pan dulce,2,9,24
2024-09-25,Galletas,2,9,14
2024-09-25,Pastel,2,9,8
2024-09-26,Pan francés,3,9,36
2024-09-26,Pan dulce,3,9,21
2024-09-26,Galletas,3,9,14
2024-09-26,Pastel,3,9,9
2024-09-27,Pan francés,4,9,55
2024-09-27,Pan dulce,4,9,38
2024-09-27,Galletas,4,9,21
2024-09-27,Pastel,4,9,16
2024-09-28,Pan francés,5,9,57
2024-09-28,Pan dulce,5,9,38
2024-09-28,Galletas,5,9,19
2024-09-28,Pastel,5,9,15
2024-09-29,Pan francés,6,9,30
2024-09-29,Pan dulce,6,9,20
2024-09-29,Galletas,6,9,12
2024-09-29,Pastel,6,9,7
2024-09-30,Pan francés,0,9,40
2024-09-30,Pan dulce,0,9,24
2024-09-30,Galletas,0,9,17
2024-09-30,Pastel,0,9,10
2024-10-01,Pan francés,1,10,41
2024-10-01,Pan dulce,1,10,22
2024-10-01,Galletas,1,10,13
2024-10-01,Pastel,1,10,9
2024-10-02,Pan francés,2,10,39
2024-10-02,Pan dulce,2,10,26
2024-10-02,Galletas,2,10,13
2024-10-02,Pastel,2,10,11
2024-10-03,Pan francés,3,10,40
2024-10-03,Pan dulce,3,10,19
2024-10-03,Galletas,3,10,14
2024-10-03,Pastel,3,10,7
2024-10-04,Pan francés,4,10,55
2024-10-04,Pan dulce,4,10,35
2024-10-04,Galletas,4,10,21
2024-10-04,Pastel,4,10,14
2024-10-05,Pan francés,5,10,57
2024-10-05,Pan dulce,5,10,35
2024-10-05,Galletas,5,10,25
2024-10-05,Pastel,5,10,16
2024-10-06,Pan francés,6,10,28
2024-10-06,Pan dulce,6,10,22
2024-10-06,Galletas,6,10,10
2024-10-06,Pastel,6,10,7
2024-10-07,Pan francés,0,10,46
2024-10-07,Pan dulce,0,10,19
2024-10-07,Galletas,0,10,15
2024-10-07,Pastel,0,10,8
2024-10-08,Pan francés,1,10,39
2024-10-08,Pan dulce,1,10,24
2024-10-08,Galletas,1,10,17
2024-10-08,Pastel,1,10,9
2024-10-09,Pan francés,2,10,39
2024-10-09,Pan dulce,2,10,26
2024-10-09,Galletas,2,10,14
2024-10-09,Pastel,2,10,9
2024-10-10,Pan francés,3,10,39
2024-10-10,Pan dulce,3,10,25
2024-10-10,Galletas,3,10,16
2024-10-10,Pastel,3,10,9
2024-10-11,Pan francés,4,10,57
2024-10-11,Pan dulce,4,10,38
2024-10-11,Galletas,4,10,22
2024-10-11,Pastel,4,10,14
2024-10-12,Pan francés,5,10,59
2024-10-12,Pan dulce,5,10,34
2024-10-12,Galletas,5,10,20
2024-10-12,Pastel,5,10,15
2024-10-13,Pan francés,6,10,28
2024-10-13,Pan dulce,6,10,22
2024-10-13,Galletas,6,10,12
2024-10-13,Pastel,6,10,6
2024-10-14,Pan francés,0,10,41
2024-10-14,Pan dulce,0,10,25
2024-10-14,Galletas,0,10,16
2024-10-14,Pastel,0,10,11
2024-10-15,Pan francés,1,10,38
2024-10-15,Pan dulce,1,10,23
2024-10-15,Galletas,1,10,14
2024-10-15,Pastel,1,10,9
2024-10-16,Pan francés,2,10,37
2024-10-16,Pan dulce,2,10,25
2024-10-16,Galletas,2,10,15
2024-10-16,Pastel,2,10,9
2024-10-17,Pan francés,3,10,37
2024-10-17,Pan dulce,3,10,25
2024-10-17,Galletas,3,10,14
2024-10-17,Pastel,3,10,8
2024-10-18,Pan francés,4,10,59
2024-10-18,Pan dulce,4,10,36
2024-10-18,Galletas,4,10,20
2024-10-18,Pastel,4,10,16
2024-10-19,Pan francés,5,10,65
2024-10-19,Pan dulce,5,10,37
2024-10-19,Galletas,5,10,22
2024-10-19,Pastel,5,10,15
2024-10-20,Pan francés,6,10,31
2024-10-20,Pan dulce,6,10,21
2024-10-20,Galletas,6,10,13
2024-10-20,Pastel,6,10,8
2024-10-21,Pan francés,0,10,41
2024-10-21,Pan dulce,0,10,27
2024-10-21,Galletas,0,10,14
2024-10-21,Pastel,0,10,8
2024-10-22,Pan francés,1,10,43
2024-10-22,Pan dulce,1,10,21
2024-10-22,Galletas,1,10,17
2024-10-22,Pastel,1,10,10
2024-10-23,Pan francés,2,10,40
2024-10-23,Pan dulce,2,10,25
2024-10-23,Galletas,2,10,17
2024-10-23,Pastel,2,10,9
2024-10-24,Pan francés,3,10,35
2024-10-24,Pan dulce,3,10,23
2024-10-24,Galletas,3,10,14
2024-10-24,Pastel,3,10,8
2024-10-25,Pan francés,4,10,60
2024-10-25,Pan dulce,4,10,38
2024-10-25,Galletas,4,10,20
2024-10-25,Pastel,4,10,17
2024-10-26,Pan francés,5,10,51
2024-10-26,Pan dulce,5,10,32
2024-10-26,Galletas,5,10,23
2024-10-26,Pastel,5,10,14
2024-10-27,Pan francés,6,10,33
2024-10-27,Pan dulce,6,10,18
2024-10-27,Galletas,6,10,10
2024-10-27,Pastel,6,10,7
2024-10-28,Pan francés,0,10,37
2024-10-28,Pan dulce,0,10,26
2024-10-28,Galletas,0,10,14
2024-10-28,Pastel,0,10,10
2024-10-29,Pan francés,1,10,42
2024-10-29,Pan dulce,1,10,27
2024-10-29,Galletas,1,10,16
2024-10-29,Pastel,1,10,10
2024-10-30,Pan francés,2,10,43
2024-10-30,Pan dulce,2,10,23
2024-10-30,Galletas,2,10,14
2024-10-30,Pastel,2,10,8
2024-10-31,Pan francés,3,10,41
2024-10-31,Pan dulce,3,10,23
2024-10-31,Galletas,3,10,15
2024-10-31,Pastel,3,10,10
2024-11-01,Pan francés,4,11,51
2024-11-01,Pan dulce,4,11,33
2024-11-01,Galletas,4,11,21
2024-11-01,Pastel,4,11,14
2024-11-02,Pan francés,5,11,61
2024-11-02,Pan dulce,5,11,33
2024-11-02,Galletas,5,11,22
2024-11-02,Pastel,5,11,12
2024-11-03,Pan francés,6,11,25
2024-11-03,Pan dulce,6,11,21
2024-11-03,Galletas,6,11,10
2024-11-03,Pastel,6,11,7
2024-11-04,Pan francés,0,11,34
2024-11-04,Pan dulce,0,11,21
2024-11-04,Galletas,0,11,14
2024-11-04,Pastel,0,11,9
2024-11-05,Pan francés,1,11,43
2024-11-05,Pan dulce,1,11,26
2024-11-05,Galletas,1,11,14
2024-11-05,Pastel,1,11,10
2024-11-06,Pan francés,2,11,44
2024-11-06,Pan dulce,2,11,26
2024-11-06,Galletas,2,11,14
2024-11-06,Pastel,2,11,11
2024-11-07,Pan francés,3,11,47
2024-11-07,Pan dulce,3,11,26
2024-11-07,Galletas,3,11,17
2024-11-07,Pastel,3,11,10
2024-11-08,Pan francés,4,11,65
2024-11-08,Pan dulce,4,11,33
2024-11-08,Galletas,4,11,19
2024-11-08,Pastel,4,11,14
2024-11-09,Pan francés,5,11,49
2024-11-09,Pan dulce,5,11,35
2024-11-09,Galletas,5,11,24
2024-11-09,Pastel,5,11,14
2024-11-10,Pan francés,6,11,33
2024-11-10,Pan dulce,6,11,17
2024-11-10,Galletas,6,11,11
2024-11-10,Pastel,6,11,8
2024-11-11,Pan francés,0,11,40
2024-11-11,Pan dulce,0,11,25
2024-11-11,Galletas,0,11,17
2024-11-11,Pastel,0,11,11
2024-11-12,Pan francés,1,11,36
2024-11-12,Pan dulce,1,11,28
2024-11-12,Galletas,1,11,14
2024-11-12,Pastel,1,11,9
2024-11-13,Pan francés,2,11,40
2024-11-13,Pan dulce,2,11,27
2024-11-13,Galletas,2,11,13
2024-11-13,Pastel,2,11,10
2024-11-14,Pan francés,3,11,42
2024-11-14,Pan dulce,3,11,27
2024-11-14,Galletas,3,11,14
2024-11-14,Pastel,3,11,11
2024-11-15,Pan francés,4,11,55
2024-11-15,Pan dulce,4,11,41
2024-11-15,Galletas,4,11,23
2024-11-15,Pastel,4,11,12
2024-11-16,Pan francés,5,11,62
2024-11-16,Pan dulce,5,11,38
2024-11-16,Galletas,5,11,21
2024-11-16,Pastel,5,11,13
2024-11-17,Pan francés,6,11,31
2024-11-17,Pan dulce,6,11,17
2024-11-17,Galletas,6,11,14
2024-11-17,Pastel,6,11,7
2024-11-18,Pan francés,0,11,37
2024-11-18,Pan dulce,0,11,27
2024-11-18,Galletas,0,11,15
2024-11-18,Pastel,0,11,10
2024-11-19,Pan francés,1,11,46
2024-11-19,Pan dulce,1,11,24
2024-11-19,Galletas,1,11,13
2024-11-19,Pastel,1,11,10
2024-11-20,Pan francés,2,11,43
2024-11-20,Pan dulce,2,11,24
2024-11-20,Galletas,2,11,13
2024-11-20,Pastel,2,11,11
2024-11-21,Pan francés,3,11,42
2024-11-21,Pan dulce,3,11,21
2024-11-21,Galletas,3,11,16
2024-11-21,Pastel,3,11,8
2024-11-22,Pan francés,4,11,57
2024-11-22,Pan dulce,4,11,33
2024-11-22,Galletas,4,11,21
2024-11-22,Pastel,4,11,13
2024-11-23,Pan francés,5,11,56
2024-11-23,Pan dulce,5,11,40
2024-11-23,Galletas,5,11,23
2024-11-23,Pastel,5,11,15
2024-11-24,Pan francés,6,11,35
2024-11-24,Pan dulce,6,11,19
2024-11-24,Galletas,6,11,12
2024-11-24,Pastel,6,11,8
2024-11-25,Pan francés,0,11,46
2024-11-25,Pan dulce,0,11,27
2024-11-25,Galletas,0,11,17
2024-11-25,Pastel,0,11,11
2024-11-26,Pan francés,1,11,44
2024-11-26,Pan dulce,1,11,20
2024-11-26,Galletas,1,11,16
2024-11-26,Pastel,1,11,10
2024-11-27,Pan francés,2,11,40
2024-11-27,Pan dulce,2,11,23
2024-11-27,Galletas,2,11,14
2024-11-27,Pastel,2,11,10
2024-11-28,Pan francés,3,11,43
2024-11-28,Pan dulce,3,11,21
2024-11-28,Galletas,3,11,15
2024-11-28,Pastel,3,11,9
2024-11-29,Pan francés,4,11,54
2024-11-29,Pan dulce,4,11,38
2024-11-29,Galletas,4,11,21
2024-11-29,Pastel,4,11,14
2024-11-30,Pan francés,5,11,55
2024-11-30,Pan dulce,5,11,38
2024-11-30,Galletas,5,11,22
2024-11-30,Pastel,5,11,13
2024-12-01,Pan francés,6,12,38
2024-12-01,Pan dulce,6,12,25
2024-12-01,Galletas,6,12,16
2024-12-01,Pastel,6,12,9
2024-12-02,Pan francés,0,12,54
2024-12-02,Pan dulce,0,12,29
2024-12-02,Galletas,0,12,24
2024-12-02,Pastel,0,12,11
2024-12-03,Pan francés,1,12,47
2024-12-03,Pan dulce,1,12,33
2024-12-03,Galletas,1,12,17
2024-12-03,Pastel,1,12,14
2024-12-04,Pan francés,2,12,61
2024-12-04,Pan dulce,2,12,31
2024-12-04,Galletas,2,12,19
2024-12-04,Pastel,2,12,12
2024-12-05,Pan francés,3,12,51
2024-12-05,Pan dulce,3,12,37
2024-12-05,Galletas,3,12,21
2024-12-05,Pastel,3,12,11
2024-12-06,Pan francés,4,12,90
2024-12-06,Pan dulce,4,12,54
2024-12-06,Galletas,4,12,30
2024-12-06,Pastel,4,12,18
2024-12-07,Pan francés,5,12,78
2024-12-07,Pan dulce,5,12,44
2024-12-07,Galletas,5,12,30
2024-12-07,Pastel,5,12,18
2024-12-08,Pan francés,6,12,32
2024-12-08,Pan dulce,6,12,28
2024-12-08,Galletas,6,12,15
2024-12-08,Pastel,6,12,11
2024-12-09,Pan francés,0,12,51
2024-12-09,Pan dulce,0,12,33
2024-12-09,Galletas,0,12,21
2024-12-09,Pastel,0,12,13
2024-12-10,Pan francés,1,12,53
2024-12-10,Pan dulce,1,12,42
2024-12-10,Galletas,1,12,19
2024-12-10,Pastel,1,12,13
2024-12-11,Pan francés,2,12,61
2024-12-11,Pan dulce,2,12,29
2024-12-11,Galletas,2,12,17
2024-12-11,Pastel,2,12,11
2024-12-12,Pan francés,3,12,54
2024-12-12,Pan dulce,3,12,34
2024-12-12,Galletas,3,12,20
2024-12-12,Pastel,3,12,11
2024-12-13,Pan francés,4,12,85
2024-12-13,Pan dulce,4,12,54
2024-12-13,Galletas,4,12,28
2024-12-13,Pastel,4,12,19
2024-12-14,Pan francés,5,12,83
2024-12-14,Pan dulce,5,12,50
2024-12-14,Galletas,5,12,31
2024-12-14,Pastel,5,12,17
2024-12-15,Pan francés,6,12,40
2024-12-15,Pan dulce,6,12,22
2024-12-15,Galletas,6,12,16
2024-12-15,Pastel,6,12,10
2024-12-16,Pan francés,0,12,51
2024-12-16,Pan dulce,0,12,33
2024-12-16,Galletas,0,12,16
2024-12-16,Pastel,0,12,14
2024-12-17,Pan francés,1,12,49
2024-12-17,Pan dulce,1,12,32
2024-12-17,Galletas,1,12,21
2024-12-17,Pastel,1,12,12
2024-12-18,Pan francés,2,12,58
2024-12-18,Pan dulce,2,12,32
2024-12-18,Galletas,2,12,19
2024-12-18,Pastel,2,12,13
2024-12-19,Pan francés,3,12,45
2024-12-19,Pan dulce,3,12,34
2024-12-19,Galletas,3,12,19
2024-12-19,Pastel,3,12,14
2024-12-20,Pan francés,4,12,76
2024-12-20,Pan dulce,4,12,46
2024-12-20,Galletas,4,12,30
2024-12-20,Pastel,4,12,19
2024-12-21,Pan francés,5,12,68
2024-12-21,Pan dulce,5,12,47
2024-12-21,Galletas,5,12,32
2024-12-21,Pastel,5,12,19
2024-12-22,Pan francés,6,12,37
2024-12-22,Pan dulce,6,12,27
2024-12-22,Galletas,6,12,12
2024-12-22,Pastel,6,12,8
2024-12-23,Pan francés,0,12,51
2024-12-23,Pan dulce,0,12,33
2024-12-23,Galletas,0,12,19
2024-12-23,Pastel,0,12,11
2024-12-24,Pan francés,1,12,51
2024-12-24,Pan dulce,1,12,27
2024-12-24,Galletas,1,12,19
2024-12-24,Pastel,1,12,10
2024-12-25,Pan francés,2,12,51
2024-12-25,Pan dulce,2,12,33
2024-12-25,Galletas,2,12,16
2024-12-25,Pastel,2,12,12
2024-12-26,Pan francés,3,12,56
2024-12-26,Pan dulce,3,12,37
2024-12-26,Galletas,3,12,16
2024-12-26,Pastel,3,12,13
2024-12-27,Pan francés,4,12,68
2024-12-27,Pan dulce,4,12,42
2024-12-27,Galletas,4,12,33
2024-12-27,Pastel,4,12,20
2024-12-28,Pan francés,5,12,71
2024-12-28,Pan dulce,5,12,49
2024-12-28,Galletas,5,12,31
2024-12-28,Pastel,5,12,19
2024-12-29,Pan francés,6,12,50
2024-12-29,Pan dulce,6,12,27
2024-12-29,Galletas,6,12,10
2024-12-29,Pastel,6,12,10
2024-12-30,Pan francés,0,12,48
2024-12-30,Pan dulce,0,12,31
2024-12-30,Galletas,0,12,19
2024-12-30,Pastel,0,12,12
